Filename,Name,Extension,Date
109vir_mod_001.fits,109vir,_mod_001,30-Aug-2019
109vir_mod_002.fits,109vir,_mod_002,23-Mar-2020
109vir_mod_003.fits,109vir,_mod_003,16-Feb-2023
109vir_stis_001.fits,109vir,_stis_001,30-Aug-2019
109vir_stis_002.fits,109vir,_stis_002,21-Mar-2020
109vir_stis_003.fits,109vir,_stis_003,16-Feb-2023
10lac_mod_001.fits,10lac,_mod_001,13-Feb-2017
10lac_mod_002.fits,10lac,_mod_002,3-Aug-2017
10lac_mod_003.fits,10lac,_mod_003,23-Mar-2020
10lac_mod_004.fits,10lac,_mod_004,8-Apr-2022
10lac_mod_005.fits,10lac,_mod_005,16-Feb-2023
10lac_stis_001.fits,10lac,_stis_001,2013-11-18T19:20:56
10lac_stis_002.fits,10lac,_stis_002,2015-01-06T17:00:19
10lac_stis_003.fits,10lac,_stis_003,2015-01-05T21:02:36
10lac_stis_004.fits,10lac,_stis_004,13-Feb-2017
10lac_stis_005.fits,10lac,_stis_005,21-Mar-2020
10lac_stis_006.fits,10lac,_stis_006,30-Jan-2022
10lac_stis_007.fits,10lac,_stis_007,16-Feb-2023
16cygb_mod_001.fits,16cygb,_mod_001,30-Aug-2019
16cygb_mod_002.fits,16cygb,_mod_002,23-Mar-2020
16cygb_mod_003.fits,16cygb,_mod_003,16-Feb-2023
16cygb_mod_004.fits,16cygb,_mod_004,21-Sep-2023
16cygb_stis_001.fits,16cygb,_stis_001,30-Aug-2019
16cygb_stis_002.fits,16cygb,_stis_002,21-Mar-2020
16cygb_stis_003.fits,16cygb,_stis_003,16-Feb-2023
16cygb_stis_004.fits,16cygb,_stis_004,20-Sep-2023
1732526_mod_001.fits,1732526,_mod_001,13-Feb-2017
1732526_mod_002.fits,1732526,_mod_002,3-Aug-2017
1732526_mod_003.fits,1732526,_mod_003,23-Mar-2020
1732526_mod_004.fits,1732526,_mod_004,8-Apr-2022
1732526_mod_005.fits,1732526,_mod_005,16-Feb-2023
1732526_nic_002.fits,1732526,_nic_002,2015-01-06T17:00:19
1732526_stisnic_001.fits,1732526,_stisnic_001,2013-11-18T19:20:56
1732526_stisnic_002.fits,1732526,_stisnic_002,2015-01-06T17:00:19
1732526_stisnic_003.fits,1732526,_stisnic_003,2015-01-05T21:02:36
1732526_stisnic_004.fits,1732526,_stisnic_004,13-Feb-2017
1732526_stisnic_005.fits,1732526,_stisnic_005,21-Mar-2020
1732526_stisnic_006.fits,1732526,_stisnic_006,30-Jan-2022
1732526_stisnic_007.fits,1732526,_stisnic_007,16-Feb-2023
1740346_nic_001.fits,1740346,_nic_001,2015-01-06T17:00:19
1740346_nic_002.fits,1740346,_nic_002,2015-01-06T17:00:19
1740346_stisnic_001.fits,1740346,_stisnic_001,2013-11-18T19:20:56
1740346_stisnic_002.fits,1740346,_stisnic_002,2015-01-06T17:00:19
1740346_stisnic_003.fits,1740346,_stisnic_003,2015-01-05T21:02:37
1740346_stisnic_004.fits,1740346,_stisnic_004,21-Mar-2020
1740346_stisnic_005.fits,1740346,_stisnic_005,16-Feb-2023
1743045_mod_001.fits,1743045,_mod_001,13-Feb-2017
1743045_mod_002.fits,1743045,_mod_002,3-Aug-2017
1743045_mod_003.fits,1743045,_mod_003,23-Mar-2020
1743045_mod_004.fits,1743045,_mod_004,8-Apr-2022
1743045_mod_005.fits,1743045,_mod_005,24-Oct-2022
1743045_nic_001.fits,1743045,_nic_001,2015-01-06T17:00:19
1743045_nic_002.fits,1743045,_nic_002,2015-01-06T17:00:19
1743045_stisnic_001.fits,1743045,_stisnic_001,2013-11-18T19:20:56
1743045_stisnic_002.fits,1743045,_stisnic_002,2015-01-06T17:00:19
1743045_stisnic_003.fits,1743045,_stisnic_003,2015-01-05T21:02:37
1743045_stisnic_004.fits,1743045,_stisnic_004,13-Feb-2017
1743045_stisnic_005.fits,1743045,_stisnic_005,21-Mar-2020
1743045_stisnic_006.fits,1743045,_stisnic_006,30-Jan-2022
1743045_stisnic_007.fits,1743045,_stisnic_007,25-Oct-2022
1757132_mod_001.fits,1757132,_mod_001,13-Feb-2017
1757132_mod_002.fits,1757132,_mod_002,3-Aug-2017
1757132_mod_003.fits,1757132,_mod_003,17-Jan-2019
1757132_mod_004.fits,1757132,_mod_004,23-Mar-2020
1757132_mod_005.fits,1757132,_mod_005,16-Feb-2023
1757132_stis_001.fits,1757132,_stis_001,2013-11-18T19:20:56
1757132_stis_002.fits,1757132,_stis_002,2015-01-06T17:00:19
1757132_stis_003.fits,1757132,_stis_003,2015-01-05T21:02:37
1757132_stis_004.fits,1757132,_stis_004,13-Feb-2017
1757132_stiswfc_001.fits,1757132,_stiswfc_001,17-Jan-2019
1757132_stiswfc_002.fits,1757132,_stiswfc_002,21-Mar-2020
1757132_stiswfc_003.fits,1757132,_stiswfc_003,2-Mar-2021
1757132_stiswfc_004.fits,1757132,_stiswfc_004,16-Feb-2023
1802271_mod_001.fits,1802271,_mod_001,13-Feb-2017
1802271_mod_002.fits,1802271,_mod_002,3-Aug-2017
1802271_mod_003.fits,1802271,_mod_003,17-Jan-2019
1802271_mod_004.fits,1802271,_mod_004,23-Mar-2020
1802271_mod_005.fits,1802271,_mod_005,16-Feb-2023
1802271_nic_002.fits,1802271,_nic_002,2015-01-06T17:00:19
1802271_stisnic_001.fits,1802271,_stisnic_001,2013-11-18T19:20:56
1802271_stisnic_002.fits,1802271,_stisnic_002,2015-01-06T17:00:19
1802271_stisnic_003.fits,1802271,_stisnic_003,2015-01-05T21:02:37
1802271_stisnic_004.fits,1802271,_stisnic_004,13-Feb-2017
1802271_stiswfcnic_001.fits,1802271,_stiswfcnic_001,17-Jan-2019
1802271_stiswfcnic_002.fits,1802271,_stiswfcnic_002,21-Mar-2020
1802271_stiswfcnic_003.fits,1802271,_stiswfcnic_003,2-Mar-2021
1802271_stiswfcnic_004.fits,1802271,_stiswfcnic_004,16-Feb-2023
1805292_mod_001.fits,1805292,_mod_001,13-Feb-2017
1805292_mod_002.fits,1805292,_mod_002,3-Aug-2017
1805292_mod_003.fits,1805292,_mod_003,23-Mar-2020
1805292_mod_004.fits,1805292,_mod_004,16-Feb-2023
1805292_nic_001.fits,1805292,_nic_001,2015-01-06T17:00:19
1805292_nic_002.fits,1805292,_nic_002,2015-01-06T17:00:19
1805292_stisnic_001.fits,1805292,_stisnic_001,2013-11-18T19:20:56
1805292_stisnic_002.fits,1805292,_stisnic_002,2015-01-06T17:00:19
1805292_stisnic_003.fits,1805292,_stisnic_003,2015-01-05T21:02:37
1805292_stisnic_004.fits,1805292,_stisnic_004,13-Feb-2017
1805292_stisnic_005.fits,1805292,_stisnic_005,21-Mar-2020
1805292_stisnic_006.fits,1805292,_stisnic_006,16-Feb-2023
1808347_mod_001.fits,1808347,_mod_001,13-Feb-2017
1808347_mod_002.fits,1808347,_mod_002,3-Aug-2017
1808347_mod_003.fits,1808347,_mod_003,17-Jan-2019
1808347_mod_004.fits,1808347,_mod_004,23-Mar-2020
1808347_mod_005.fits,1808347,_mod_005,16-Feb-2023
1808347_stis_001.fits,1808347,_stis_001,2013-11-18T19:20:56
1808347_stis_002.fits,1808347,_stis_002,2015-01-06T17:00:19
1808347_stis_003.fits,1808347,_stis_003,2015-01-05T21:02:37
1808347_stis_004.fits,1808347,_stis_004,13-Feb-2017
1808347_stiswfc_001.fits,1808347,_stiswfc_001,17-Jan-2019
1808347_stiswfc_002.fits,1808347,_stiswfc_002,21-Mar-2020
1808347_stiswfc_003.fits,1808347,_stiswfc_003,2-Mar-2021
1808347_stiswfc_004.fits,1808347,_stiswfc_004,16-Feb-2023
1812095_mod_001.fits,1812095,_mod_001,13-Feb-2017
1812095_mod_002.fits,1812095,_mod_002,3-Aug-2017
1812095_mod_003.fits,1812095,_mod_003,23-Mar-2020
1812095_mod_004.fits,1812095,_mod_004,16-Feb-2023
1812095_nic_001.fits,1812095,_nic_001,2015-01-06T17:00:19
1812095_nic_002.fits,1812095,_nic_002,2015-01-06T17:00:19
1812095_stisnic_001.fits,1812095,_stisnic_001,2013-11-18T19:20:56
1812095_stisnic_002.fits,1812095,_stisnic_002,2015-01-06T17:00:19
1812095_stisnic_003.fits,1812095,_stisnic_003,2015-01-05T21:02:37
1812095_stisnic_004.fits,1812095,_stisnic_004,13-Feb-2017
1812095_stisnic_005.fits,1812095,_stisnic_005,21-Mar-2020
1812095_stisnic_006.fits,1812095,_stisnic_006,16-Feb-2023
1812524_nic_002.fits,1812524,_nic_002,2015-01-06T17:00:19
1812524_nic_003.fits,1812524,_nic_003,2013-11-18T19:20:56
1812524_nic_004.fits,1812524,_nic_004,2015-01-06T17:00:19
1812524_nic_005.fits,1812524,_nic_005,21-Mar-2020
18sco_mod_001.fits,18sco,_mod_001,30-Aug-2019
18sco_mod_002.fits,18sco,_mod_002,23-Mar-2020
18sco_mod_003.fits,18sco,_mod_003,16-Feb-2023
18sco_mod_004.fits,18sco,_mod_004,4-Apr-2023
18sco_mod_005.fits,18sco,_mod_005,21-Sep-2023
18sco_stis_001.fits,18sco,_stis_001,30-Aug-2019
18sco_stis_002.fits,18sco,_stis_002,21-Mar-2020
18sco_stis_003.fits,18sco,_stis_003,16-Feb-2023
18sco_stis_004.fits,18sco,_stis_004,3-Apr-2023
18sco_stis_005.fits,18sco,_stis_005,20-Sep-2023
2m003618_stisnic_001.fits,2m003618,_stisnic_001,2015-01-06T17:00:19
2m003618_stisnic_002.fits,2m0036+18,2m003618_stisnic_002,2015-01-06T17:00:19
2m003618_stisnic_003.fits,2m0036+18,2m003618_stisnic_003,2010-02-10T23:23:04
2m003618_stisnic_004.fits,2m0036+18,2m003618_stisnic_004,2013-11-18T19:20:56
2m003618_stisnic_005.fits,2m0036+18,2m003618_stisnic_005,2015-01-06T17:00:19
2m003618_stisnic_006.fits,2m0036+18,2m003618_stisnic_006,2015-01-05T21:02:37
2m003618_stiswfcnic_001.fits,2m0036+18,2m003618_stiswfcnic_001,17-Jan-2019
2m003618_stiswfcnic_002.fits,2m0036+18,2m003618_stiswfcnic_002,30-Aug-2019
2m003618_stiswfcnic_003.fits,2m0036+18,2m003618_stiswfcnic_003,21-Mar-2020
2m003618_stiswfcnic_004.fits,2m0036+18,2m003618_stiswfcnic_004,2-Mar-2021
2m003618_stiswfcnic_005.fits,2m0036+18,2m003618_stiswfcnic_005,25-Oct-2022
2m003618_stiswfcnic_006.fits,2m0036+18,2m003618_stiswfcnic_006,16-Feb-2023
2m055914_stisnic_001.fits,2m0559-14,2m055914_stisnic_001,2015-01-06T17:00:19
2m055914_stisnic_002.fits,2m0559-14,2m055914_stisnic_002,2015-01-06T17:00:19
2m055914_stisnic_003.fits,2m0559-14,2m055914_stisnic_003,2010-02-10T23:23:05
2m055914_stisnic_004.fits,2m0559-14,2m055914_stisnic_004,2013-11-18T19:20:56
2m055914_stisnic_005.fits,2m0559-14,2m055914_stisnic_005,2015-01-06T17:00:19
2m055914_stisnic_006.fits,2m0559-14,2m055914_stisnic_006,2015-01-05T21:02:37
2m055914_stiswfcnic_001.fits,2m0559-14,2m055914_stiswfcnic_001,17-Jan-2019
2m055914_stiswfcnic_002.fits,2m0559-14,2m055914_stiswfcnic_002,21-Mar-2020
2m055914_stiswfcnic_003.fits,2m0559-14,2m055914_stiswfcnic_003,2-Mar-2021
2m055914_stiswfcnic_004.fits,2m0559-14,2m055914_stiswfcnic_004,25-Oct-2022
2m055914_stiswfcnic_005.fits,2m0559-14,2m055914_stiswfcnic_005,16-Feb-2023
WDcovar_001.fits,WDcovar_001.fits,,2013-11-18T19:20:56
WDcovar_002.fits,WDcovar_002.fits,,
agk_81d266_005.fits,agk+81d266,agk_81d266_005,2015-01-06T17:00:19
agk_81d266_stis_001.fits,agk+81d266,agk_81d266_stis_001,2015-01-06T17:00:20
agk_81d266_stisnic_002.fits,agk+81d266,agk_81d266_stisnic_002,2015-01-06T17:00:20
agk_81d266_stisnic_003.fits,agk+81d266,agk_81d266_stisnic_003,2010-02-10T23:23:07
agk_81d266_stisnic_004.fits,agk+81d266,agk_81d266_stisnic_004,2013-11-18T19:20:56
agk_81d266_stisnic_005.fits,agk+81d266,agk_81d266_stisnic_005,2015-01-06T17:00:20
agk_81d266_stisnic_006.fits,agk+81d266,agk_81d266_stisnic_006,2015-01-05T21:02:37
agk_81d266_stisnic_007.fits,agk+81d266,agk_81d266_stisnic_007,21-Mar-2020
alpha_lyr_004.fits,alpha-lyr,alpha_lyr_004,2015-01-06T17:00:20
alpha_lyr_005.fits,alpha-lyr,alpha_lyr_005,2015-01-06T17:00:20
alpha_lyr_mod_001.fits,alpha_lyr_mod,_001,2015-01-06T17:00:20
alpha_lyr_mod_002.fits,alpha_lyr_mod,_002,2015-01-06T17:00:20
alpha_lyr_mod_003.fits,alpha_lyr_mod,_003,29-Aug-2019
alpha_lyr_mod_004.fits,alpha_lyr_mod,_004,24-Mar-2020
alpha_lyr_stis_002.fits,alpha_lyr,_stis_002,2015-01-06T17:00:20
alpha_lyr_stis_003.fits,alpha_lyr,_stis_003,2015-01-06T17:00:20
alpha_lyr_stis_004.fits,alpha_lyr,_stis_004,2015-01-06T17:00:20
alpha_lyr_stis_005.fits,alpha_lyr,_stis_005,2015-01-06T17:00:20
alpha_lyr_stis_006.fits,alpha_lyr,_stis_006,2013-11-26T14:22:49
alpha_lyr_stis_007.fits,alpha_lyr,_stis_007,2015-01-06T17:00:20
alpha_lyr_stis_008.fits,alpha_lyr,_stis_008,2015-01-05T21:02:37
alpha_lyr_stis_009.fits,alpha_lyr,_stis_009,30-Aug-2019
alpha_lyr_stis_010.fits,hd172167,alpha_lyr_stis_010,21-Mar-2020
alpha_lyr_stis_011.fits,hd172167,alpha_lyr_stis_011,25-Oct-2022
bd02d3375_mod_001.fits,bd02d3375,_mod_001,30-Aug-2019
bd02d3375_mod_002.fits,bd02d3375,_mod_002,23-Mar-2020
bd02d3375_mod_003.fits,bd02d3375,_mod_003,16-Feb-2023
bd02d3375_stis_001.fits,bd02d3375,_stis_001,2013-11-18T19:20:56
bd02d3375_stis_002.fits,bd02d3375,_stis_002,2015-01-06T17:00:20
bd02d3375_stis_003.fits,bd02d3375,_stis_003,2015-01-05T21:02:37
bd02d3375_stis_004.fits,bd02d3375,_stis_004,30-Aug-2019
bd02d3375_stis_005.fits,bd02d3375,_stis_005,21-Mar-2020
bd02d3375_stis_006.fits,bd02d3375,_stis_006,16-Feb-2023
bd11d3759_stis_001.fits,bd11d3759,_stis_001,17-Jan-2019
bd11d3759_stis_002.fits,bd11d3759,_stis_002,21-Mar-2020
bd11d3759_stis_003.fits,bd11d3759,_stis_003,25-Oct-2022
bd17d4708_stis_001.fits,bd17d4708,_stis_001,2015-01-06T17:00:20
bd17d4708_stisnic_001.fits,bd17d4708,_stisnic_001,2015-01-06T17:00:20
bd21d0607_mod_001.fits,bd21d0607,_mod_001,30-Aug-2019
bd21d0607_mod_002.fits,bd21d0607,_mod_002,23-Mar-2020
bd21d0607_mod_003.fits,bd21d0607,_mod_003,16-Feb-2023
bd21d0607_stis_001.fits,bd21d0607,_stis_001,2013-11-18T19:20:56
bd21d0607_stis_002.fits,bd21d0607,_stis_002,2015-01-06T17:00:20
bd21d0607_stis_003.fits,bd21d0607,_stis_003,2015-01-05T21:02:37
bd21d0607_stis_004.fits,bd21d0607,_stis_004,30-Aug-2019
bd21d0607_stis_005.fits,bd21d0607,_stis_005,21-Mar-2020
bd21d0607_stis_006.fits,bd21d0607,_stis_006,16-Feb-2023
bd26d2606_mod_001.fits,bd26d2606,_mod_001,30-Aug-2019
bd26d2606_mod_002.fits,bd26d2606,_mod_002,23-Mar-2020
bd26d2606_mod_003.fits,bd26d2606,_mod_003,16-Feb-2023
bd26d2606_stis_001.fits,bd26d2606,_stis_001,2013-11-18T19:20:56
bd26d2606_stis_002.fits,bd26d2606,_stis_002,2015-01-06T17:00:20
bd26d2606_stis_003.fits,bd26d2606,_stis_003,2015-01-05T21:02:37
bd26d2606_stis_004.fits,bd26d2606,_stis_004,30-Aug-2019
bd26d2606_stis_005.fits,bd26d2606,_stis_005,21-Mar-2020
bd26d2606_stis_006.fits,bd26d2606,_stis_006,16-Feb-2023
bd29d2091_mod_001.fits,bd29d2091,_mod_001,30-Aug-2019
bd29d2091_mod_002.fits,bd29d2091,_mod_002,23-Mar-2020
bd29d2091_mod_003.fits,bd29d2091,_mod_003,16-Feb-2023
bd29d2091_stis_001.fits,bd29d2091,_stis_001,2013-11-18T19:20:56
bd29d2091_stis_002.fits,bd29d2091,_stis_002,2015-01-06T17:00:20
bd29d2091_stis_003.fits,bd29d2091,_stis_003,2015-01-05T21:02:37
bd29d2091_stis_004.fits,bd29d2091,_stis_004,30-Aug-2019
bd29d2091_stis_005.fits,bd29d2091,_stis_005,21-Mar-2020
bd29d2091_stis_006.fits,bd29d2091,_stis_006,16-Feb-2023
bd54d1216_mod_001.fits,bd54d1216,_mod_001,30-Aug-2019
bd54d1216_mod_002.fits,bd54d1216,_mod_002,23-Mar-2020
bd54d1216_stis_001.fits,bd54d1216,_stis_001,2013-11-18T19:20:56
bd54d1216_stis_002.fits,bd54d1216,_stis_002,2015-01-06T17:00:20
bd54d1216_stis_003.fits,bd54d1216,_stis_003,2015-01-05T21:02:37
bd54d1216_stis_004.fits,bd54d1216,_stis_004,30-Aug-2019
bd54d1216_stis_005.fits,bd54d1216,_stis_005,21-Mar-2020
bd60d1753_mod_001.fits,bd60d1753,_mod_001,13-Feb-2017
bd60d1753_mod_002.fits,bd60d1753,_mod_002,3-Aug-2017
bd60d1753_mod_003.fits,bd60d1753,_mod_003,17-Jan-2019
bd60d1753_mod_004.fits,bd60d1753,_mod_004,23-Mar-2020
bd60d1753_mod_005.fits,bd60d1753,_mod_005,16-Feb-2023
bd60d1753_stis_001.fits,bd60d1753,_stis_001,2013-11-18T19:20:56
bd60d1753_stis_002.fits,bd60d1753,_stis_002,2015-01-06T17:00:20
bd60d1753_stis_003.fits,bd60d1753,_stis_003,2015-01-05T21:02:37
bd60d1753_stis_004.fits,bd60d1753,_stis_004,13-Feb-2017
bd60d1753_stiswfc_001.fits,bd60d1753,_stiswfc_001,17-Jan-2019
bd60d1753_stiswfc_002.fits,bd60d1753,_stiswfc_002,21-Mar-2020
bd60d1753_stiswfc_003.fits,bd60d1753,_stiswfc_003,2-Mar-2021
bd60d1753_stiswfc_004.fits,bd60d1753,_stiswfc_004,17-Feb-2023
bd_17d4708_stisnic_002.fits,bd+17d4708,bd_17d4708_stisnic_002,2015-01-06T17:00:20
bd_17d4708_stisnic_003.fits,bd+17d4708,bd_17d4708_stisnic_003,2010-02-10T23:23:09
bd_17d4708_stisnic_004.fits,bd+17d4708,bd_17d4708_stisnic_004,2013-11-18T19:20:56
bd_17d4708_stisnic_005.fits,bd+17d4708,bd_17d4708_stisnic_005,2015-01-06T17:00:20
bd_17d4708_stisnic_006.fits,bd+17d4708,bd_17d4708_stisnic_006,2015-01-05T21:02:37
bd_17d4708_stisnic_007.fits,bd+17d4708,bd_17d4708_stisnic_007,21-Mar-2020
bd_25d4655_002.fits,bd+25d4655,bd_25d4655_002,2015-01-06T17:00:20
bd_28d4211_005.fits,bd+28d4211,bd_28d4211_005,2015-01-06T17:00:20
bd_28d4211_fos_003.fits,bd+28d4211_fos,bd_28d4211_fos_003,2015-01-06T17:00:20
bd_28d4211_stis_001.fits,bd+28d4211,bd_28d4211_stis_001,2015-01-06T17:00:20
bd_28d4211_stis_002.fits,bd28d4211,bd_28d4211_stis_002,2013-11-18T19:20:56
bd_28d4211_stis_003.fits,bd28d4211,bd_28d4211_stis_003,2015-01-06T17:00:20
bd_28d4211_stis_004.fits,bd28d4211,bd_28d4211_stis_004,2015-01-05T21:02:38
bd_28d4211_stis_005.fits,bd28d4211,bd_28d4211_stis_005,22-Mar-2020
bd_33d2642_004.fits,bd+33d2642,bd_33d2642_004,2015-01-06T17:00:20
bd_33d2642_fos_003.fits,bd+33d2642_fos,bd_33d2642_fos_003,2015-01-06T17:00:20
bd_75d325_005.fits,bd+75d325,bd_75d325_005,2015-01-06T17:00:20
bd_75d325_fos_003.fits,bd+75d325_fos,bd_75d325_fos_003,2015-01-06T17:00:20
bd_75d325_stis_001.fits,bd+75d325,bd_75d325_stis_001,2015-01-06T17:00:20
bd_75d325_stis_002.fits,bd75,bd_75d325_stis_002,2013-11-18T19:20:56
bd_75d325_stis_003.fits,bd75,bd_75d325_stis_003,2015-01-06T17:00:20
bd_75d325_stis_004.fits,bd75,bd_75d325_stis_004,2015-01-05T21:02:38
bd_75d325_stis_005.fits,bd75,bd_75d325_stis_005,21-Mar-2020
bd_75d325_stis_006.fits,bd75,bd_75d325_stis_006,25-Oct-2022
c26202_mod_001.fits,c26202,_mod_001,13-Feb-2017
c26202_mod_002.fits,c26202,_mod_002,3-Aug-2017
c26202_mod_003.fits,c26202,_mod_003,17-Jan-2019
c26202_mod_004.fits,c26202,_mod_004,23-Mar-2020
c26202_mod_005.fits,c26202,_mod_005,24-Oct-2022
c26202_mod_006.fits,c26202,_mod_006,16-Feb-2023
c26202_stisnic_001.fits,c26202,_stisnic_001,2015-01-06T17:00:20
c26202_stisnic_002.fits,c26202,_stisnic_002,2015-01-06T17:00:20
c26202_stisnic_003.fits,c26202,_stisnic_003,2010-02-10T23:23:10
c26202_stisnic_004.fits,c26202,_stisnic_004,2013-11-18T19:20:56
c26202_stisnic_005.fits,c26202,_stisnic_005,2015-01-06T17:00:20
c26202_stisnic_006.fits,c26202,_stisnic_006,2015-01-05T21:02:38
c26202_stisnic_007.fits,c26202,_stisnic_007,13-Feb-2017
c26202_stiswfcnic_001.fits,c26202,_stiswfcnic_001,17-Jan-2019
c26202_stiswfcnic_002.fits,c26202,_stiswfcnic_002,21-Mar-2020
c26202_stiswfcnic_003.fits,c26202,_stiswfcnic_003,2-Mar-2021
c26202_stiswfcnic_004.fits,c26202,_stiswfcnic_004,25-Oct-2022
c26202_stiswfcnic_005.fits,c26202,_stiswfcnic_005,16-Feb-2023
delumi_mod_001.fits,delumi,_mod_001,30-Aug-2019
delumi_mod_002.fits,delumi,_mod_002,23-Mar-2020
delumi_mod_003.fits,delumi,_mod_003,24-Oct-2022
delumi_mod_004.fits,delumi,_mod_004,16-Feb-2023
delumi_stis_001.fits,delumi,_stis_001,30-Aug-2019
delumi_stis_002.fits,delumi,_stis_002,21-Mar-2020
delumi_stis_003.fits,delumi,_stis_003,25-Oct-2022
delumi_stis_004.fits,delumi,_stis_004,16-Feb-2023
eta1dor_mod_001.fits,eta1dor,_mod_001,30-Aug-2019
eta1dor_mod_002.fits,eta1dor,_mod_002,23-Mar-2020
eta1dor_mod_003.fits,eta1dor,_mod_003,24-Oct-2022
eta1dor_mod_004.fits,eta1dor,_mod_004,16-Feb-2023
eta1dor_stis_001.fits,eta1dor,_stis_001,30-Aug-2019
eta1dor_stis_002.fits,eta1dor,_stis_002,21-Mar-2020
eta1dor_stis_003.fits,eta1dor,_stis_003,25-Oct-2022
eta1dor_stis_004.fits,eta1dor,_stis_004,16-Feb-2023
etauma_mod_001.fits,etauma,_mod_001,30-Aug-2019
etauma_mod_002.fits,etauma,_mod_002,23-Mar-2020
etauma_mod_003.fits,etauma,_mod_003,8-Apr-2022
etauma_mod_004.fits,etauma,_mod_004,24-Oct-2022
etauma_stis_001.fits,etauma,_stis_001,2013-11-18T19:20:56
etauma_stis_002.fits,etauma,_stis_002,2015-01-06T17:00:20
etauma_stis_003.fits,etauma,_stis_003,2015-01-05T21:02:38
etauma_stis_004.fits,etauma,_stis_004,30-Aug-2019
etauma_stis_005.fits,etauma,_stis_005,21-Mar-2020
etauma_stis_006.fits,etauma,_stis_006,30-Jan-2022
etauma_stis_007.fits,etauma,_stis_007,25-Oct-2022
feige110_005.fits,feige110,_005,2015-01-06T17:00:20
feige110_stis_001.fits,feige110,_stis_001,2015-01-06T17:00:20
feige110_stisnic_002.fits,feige110,_stisnic_002,2015-01-06T17:00:20
feige110_stisnic_003.fits,feige110,_stisnic_003,2010-02-10T23:23:12
feige110_stisnic_004.fits,feige110,_stisnic_004,2013-11-18T19:20:56
feige110_stisnic_005.fits,feige110,_stisnic_005,2015-01-06T17:00:20
feige110_stisnic_006.fits,feige110,_stisnic_006,2015-01-05T21:02:38
feige110_stisnic_007.fits,feige110,_stisnic_007,30-Aug-2019
feige110_stisnic_008.fits,feige110,_stisnic_008,21-Mar-2020
feige34_005.fits,feige34,_005,2015-01-06T17:00:20
feige34_stis_001.fits,feige34,_stis_001,2015-01-06T17:00:20
feige34_stis_002.fits,feige34,_stis_002,2013-11-18T19:20:56
feige34_stis_003.fits,feige34,_stis_003,2015-01-06T17:00:20
feige34_stis_004.fits,feige34,_stis_004,2015-01-05T21:02:38
feige34_stis_005.fits,feige34,_stis_005,30-Aug-2019
feige34_stis_006.fits,feige34,_stis_006,21-Mar-2020
feige66_002.fits,feige66,_002,2015-01-06T17:00:20
feige67_002.fits,feige67,_002,2015-01-06T17:00:20
g191b2b_005.fits,g191b2b,_005,2015-01-06T17:00:20
g191b2b_fos_003.fits,g191b2b_fos,_003,2015-01-06T17:00:20
g191b2b_mod_004.fits,g191_mod,g191b2b_mod_004,2015-01-06T17:00:20
g191b2b_mod_005.fits,g191b2b_mod,_005,2015-01-06T17:00:20
g191b2b_mod_007.fits,g191b2b_mod,_007,2010-02-10T23:28:11
g191b2b_mod_008.fits,g191b2b_mod,_008,2013-11-18T19:20:56
g191b2b_mod_009.fits,g191b2b_mod,_009,2015-01-06T17:00:20
g191b2b_mod_010.fits,g191b2b_mod,_010,2015-01-06T17:00:20
g191b2b_mod_011.fits,g191b2b_mod,_011,24-Mar-2020
g191b2b_mod_012.fits,g191b2b_mod,_012,13-Feb-2023
g191b2b_nic_001.fits,g191b2b_nic,_001,2015-01-06T17:00:20
g191b2b_stis_001.fits,g191b2b,_stis_001,2015-01-06T17:00:20
g191b2b_stisfuse_001.fits,g191b2b,_stisfuse_001,24-Oct-2013 12:18:35.00
g191b2b_stisnic_001.fits,g191b2b,_stisnic_001,2015-01-06T17:00:20
g191b2b_stisnic_002.fits,g191b2b,_stisnic_002,2015-01-06T17:00:20
g191b2b_stisnic_003.fits,g191b2b,_stisnic_003,2010-02-10T23:23:13
g191b2b_stisnic_004.fits,g191b2b,_stisnic_004,2013-11-18T19:20:56
g191b2b_stisnic_005.fits,g191b2b,_stisnic_005,2015-01-06T17:00:20
g191b2b_stisnic_006.fits,g191b2b,_stisnic_006,2015-01-05T21:02:38
g191b2b_stiswfcnic_001.fits,g191b2b,_stiswfcnic_001,17-Jan-2019
g191b2b_stiswfcnic_002.fits,g191b2b,_stiswfcnic_002,21-Mar-2020
g191b2b_stiswfcnic_003.fits,g191b2b,_stiswfcnic_003,2-Mar-2021
g191b2b_stiswfcnic_004.fits,g191b2b,_stiswfcnic_004,16-Feb-2023
g93_48_004.fits,g93-48,g93_48_004,2015-01-06T17:00:20
gd108_005.fits,gd108,_005,2015-01-06T17:00:20
gd153_fos_003.fits,gd153_fos,_003,2015-01-06T17:00:20
gd153_mod_004.fits,gd153_mod,_004,2015-01-06T17:00:20
gd153_mod_005.fits,gd153_mod,_005,2015-01-06T17:00:20
gd153_mod_007.fits,gd153_mod,_007,2010-02-10T23:28:12
gd153_mod_008.fits,gd153_mod,_008,2013-11-18T19:20:56
gd153_mod_009.fits,gd153_mod,_009,2015-01-06T17:00:20
gd153_mod_010.fits,gd153_mod,_010,2015-01-06T17:00:20
gd153_mod_011.fits,gd153_mod,_011,24-Mar-2020
gd153_mod_012.fits,gd153_mod,_012,13-Feb-2023
gd153_stis_001.fits,gd153,_stis_001,2015-01-06T17:00:20
gd153_stisnic_001.fits,gd153,_stisnic_001,2015-01-06T17:00:20
gd153_stisnic_002.fits,gd153,_stisnic_002,2015-01-06T17:00:20
gd153_stisnic_003.fits,gd153,_stisnic_003,2010-02-10T23:23:15
gd153_stisnic_004.fits,gd153,_stisnic_004,2013-11-18T19:20:56
gd153_stisnic_005.fits,gd153,_stisnic_005,2015-01-06T17:00:20
gd153_stisnic_006.fits,gd153,_stisnic_006,2015-01-05T21:02:38
gd153_stiswfcnic_001.fits,gd153,_stiswfcnic_001,17-Jan-2019
gd153_stiswfcnic_002.fits,gd153,_stiswfcnic_002,21-Mar-2020
gd153_stiswfcnic_003.fits,gd153,_stiswfcnic_003,2-Mar-2021
gd153_stiswfcnic_004.fits,gd153,_stiswfcnic_004,16-Feb-2023
gd50_004.fits,gd50,_004,2015-01-06T17:00:20
gd71_fos_003.fits,gd71_fos,_003,2015-01-06T17:00:20
gd71_mod_005.fits,gd71_mod,_005,2015-01-06T17:00:20
gd71_mod_006.fits,gd71_mod,_006,2015-01-06T17:00:20
gd71_mod_007.fits,gd71_mod,_007,2010-02-10T23:28:13
gd71_mod_008.fits,gd71_mod,_008,2013-11-18T19:20:56
gd71_mod_009.fits,gd71_mod,_009,2015-01-06T17:00:20
gd71_mod_010.fits,gd71_mod,_010,2015-01-06T17:00:20
gd71_mod_011.fits,gd71_mod,_011,24-Mar-2020
gd71_mod_012.fits,gd71_mod,_012,13-Feb-2023
gd71_stis_001.fits,gd71,_stis_001,2015-01-06T17:00:20
gd71_stisnic_001.fits,gd71,_stisnic_001,2015-01-06T17:00:20
gd71_stisnic_002.fits,gd71,_stisnic_002,2015-01-06T17:00:20
gd71_stisnic_003.fits,gd71,_stisnic_003,2010-02-10T23:23:18
gd71_stisnic_004.fits,gd71,_stisnic_004,2013-11-18T19:20:56
gd71_stisnic_005.fits,gd71,_stisnic_005,2015-01-06T17:00:20
gd71_stisnic_006.fits,gd71,_stisnic_006,2015-01-05T21:02:38
gd71_stiswfcnic_001.fits,gd71,_stiswfcnic_001,17-Jan-2019
gd71_stiswfcnic_002.fits,gd71,_stiswfcnic_002,21-Mar-2020
gd71_stiswfcnic_003.fits,gd71,_stiswfcnic_003,2-Mar-2021
gd71_stiswfcnic_004.fits,gd71,_stiswfcnic_004,16-Feb-2023
gj7541a_mod_001.fits,gj7541a_mod,_001,25-Mar-2020
gj7541a_stis_001.fits,gj7541a,_stis_001,2013-11-18T19:20:56
gj7541a_stis_002.fits,gj7541a,_stis_002,2015-01-06T17:00:20
gj7541a_stis_003.fits,gj7541a,_stis_003,2015-01-05T21:02:38
gj7541a_stis_004.fits,gj7541a,_stis_004,21-Mar-2020
grw_70d5824_005.fits,grw+70d5824,grw_70d5824_005,2015-01-06T17:00:20
grw_70d5824_mod_001.fits,grw_70d5824,_mod_001,23-Mar-2020
grw_70d5824_stis_001.fits,grw+70d5824,grw_70d5824_stis_001,2015-01-06T17:00:20
grw_70d5824_stisnic_002.fits,grw+70d5824,grw_70d5824_stisnic_002,2015-01-06T17:00:20
grw_70d5824_stisnic_003.fits,grw+70d5824,grw_70d5824_stisnic_003,2010-02-10T23:23:19
grw_70d5824_stisnic_004.fits,grw+70d5824,grw_70d5824_stisnic_004,2013-11-18T19:20:56
grw_70d5824_stisnic_005.fits,grw+70d5824,grw_70d5824_stisnic_005,2015-01-06T17:00:20
grw_70d5824_stisnic_006.fits,grw+70d5824,grw_70d5824_stisnic_006,2015-01-05T21:02:38
grw_70d5824_stisnic_007.fits,grw+70d5824,grw_70d5824_stisnic_007,3-Aug-2017
grw_70d5824_stiswfcnic_001.fits,grw+70d5824,grw_70d5824_stiswfcnic_001,17-Jan-2019
grw_70d5824_stiswfcnic_002.fits,grw+70d5824,grw_70d5824_stiswfcnic_002,21-Mar-2020
grw_70d5824_stiswfcnic_003.fits,grw+70d5824,grw_70d5824_stiswfcnic_003,2-Mar-2021
hd009051_mod_001.fits,hd009051,_mod_001,30-Aug-2019
hd009051_mod_002.fits,hd009051,_mod_002,23-Mar-2020
hd009051_mod_003.fits,hd009051,_mod_003,24-Oct-2022
hd009051_mod_004.fits,hd009051,_mod_004,16-Feb-2023
hd009051_stis_001.fits,hd009051,_stis_001,2013-11-18T19:20:56
hd009051_stis_002.fits,hd009051,_stis_002,2015-01-06T17:00:20
hd009051_stis_003.fits,hd009051,_stis_003,2015-01-05T21:02:38
hd009051_stis_004.fits,hd009051,_stis_004,30-Aug-2019
hd009051_stis_005.fits,hd009051,_stis_005,21-Mar-2020
hd009051_stis_006.fits,hd009051,_stis_006,25-Oct-2022
hd009051_stis_007.fits,hd009051,_stis_007,16-Feb-2023
hd031128_mod_001.fits,hd031128,_mod_001,30-Aug-2019
hd031128_mod_002.fits,hd031128,_mod_002,23-Mar-2020
hd031128_mod_003.fits,hd031128,_mod_003,16-Feb-2023
hd031128_stis_001.fits,hd031128,_stis_001,2013-11-18T19:20:56
hd031128_stis_002.fits,hd031128,_stis_002,2015-01-06T17:00:20
hd031128_stis_003.fits,hd031128,_stis_003,2015-01-05T21:02:38
hd031128_stis_004.fits,hd031128,_stis_004,30-Aug-2019
hd031128_stis_005.fits,hd031128,_stis_005,21-Mar-2020
hd031128_stis_006.fits,hd031128,_stis_006,16-Feb-2023
hd074000_mod_001.fits,hd074000,_mod_001,30-Aug-2019
hd074000_mod_002.fits,hd074000,_mod_002,23-Mar-2020
hd074000_mod_003.fits,hd074000,_mod_003,16-Feb-2023
hd074000_stis_001.fits,hd074000,_stis_001,2013-11-18T19:20:56
hd074000_stis_002.fits,hd074000,_stis_002,2015-01-06T17:00:20
hd074000_stis_003.fits,hd074000,_stis_003,2015-01-05T21:02:38
hd074000_stis_004.fits,hd074000,_stis_004,30-Aug-2019
hd074000_stis_005.fits,hd074000,_stis_005,21-Mar-2020
hd074000_stis_006.fits,hd074000,_stis_006,16-Feb-2023
hd101452_mod_001.fits,hd101452,_mod_001,30-Aug-2019
hd101452_mod_002.fits,hd101452,_mod_002,23-Mar-2020
hd101452_mod_003.fits,hd101452,_mod_003,16-Feb-2023
hd101452_stis_001.fits,hd101452,_stis_001,30-Aug-2019
hd101452_stis_002.fits,hd101452,_stis_002,21-Mar-2020
hd101452_stis_003.fits,hd101452,_stis_003,16-Feb-2023
hd106252_mod_001.fits,hd106252,_mod_001,13-Feb-2017
hd106252_mod_002.fits,hd106252,_mod_002,3-Aug-2017
hd106252_mod_003.fits,hd106252,_mod_003,23-Mar-2020
hd106252_mod_004.fits,hd106252,_mod_004,16-Feb-2023
hd106252_mod_005.fits,hd106252,_mod_005,4-Apr-2023
hd106252_mod_006.fits,hd106252,_mod_006,21-Sep-2023
hd106252_stis_001.fits,hd106252,_stis_001,2013-11-18T19:20:56
hd106252_stis_002.fits,hd106252,_stis_002,2015-01-06T17:00:20
hd106252_stis_003.fits,hd106252,_stis_003,2015-01-05T21:02:38
hd106252_stis_004.fits,hd106252,_stis_004,13-Feb-2017
hd106252_stis_005.fits,hd106252,_stis_005,21-Mar-2020
hd106252_stis_006.fits,hd106252,_stis_006,16-Feb-2023
hd106252_stis_007.fits,hd106252,_stis_007,3-Apr-2023
hd106252_stis_008.fits,hd106252,_stis_008,20-Sep-2023
hd111980_mod_001.fits,hd111980,_mod_001,30-Aug-2019
hd111980_mod_002.fits,hd111980,_mod_002,23-Mar-2020
hd111980_mod_003.fits,hd111980,_mod_003,16-Feb-2023
hd111980_stis_001.fits,hd111980,_stis_001,2013-11-18T19:20:56
hd111980_stis_002.fits,hd111980,_stis_002,2015-01-06T17:00:20
hd111980_stis_003.fits,hd111980,_stis_003,2015-01-05T21:02:38
hd111980_stis_004.fits,hd111980,_stis_004,30-Aug-2019
hd111980_stis_005.fits,hd111980,_stis_005,21-Mar-2020
hd111980_stis_006.fits,hd111980,_stis_006,16-Feb-2023
hd115169_mod_001.fits,hd115169,_mod_001,30-Aug-2019
hd115169_mod_002.fits,hd115169,_mod_002,23-Mar-2020
hd115169_mod_003.fits,hd115169,_mod_003,16-Feb-2023
hd115169_stis_001.fits,hd115169,_stis_001,30-Aug-2019
hd115169_stis_002.fits,hd115169,_stis_002,21-Mar-2020
hd115169_stis_003.fits,hd115169,_stis_003,16-Feb-2023
hd116405_mod_001.fits,hd116405,_mod_001,13-Feb-2017
hd116405_mod_002.fits,hd116405,_mod_002,3-Aug-2017
hd116405_mod_003.fits,hd116405,_mod_003,23-Mar-2020
hd116405_mod_004.fits,hd116405,_mod_004,16-Feb-2023
hd116405_stis_001.fits,hd116405,_stis_001,2013-11-18T19:20:56
hd116405_stis_002.fits,hd116405,_stis_002,2015-01-06T17:00:20
hd116405_stis_003.fits,hd116405,_stis_003,2015-01-05T21:02:38
hd116405_stis_004.fits,hd116405,_stis_004,13-Feb-2017
hd116405_stis_005.fits,hd116405,_stis_005,21-Mar-2020
hd116405_stis_006.fits,hd116405,_stis_006,16-Feb-2023
hd128998_mod_001.fits,hd128998,_mod_001,30-Aug-2019
hd128998_mod_002.fits,hd128998,_mod_002,23-Mar-2020
hd128998_mod_003.fits,hd128998,_mod_003,16-Feb-2023
hd128998_stis_001.fits,hd128998,_stis_001,30-Aug-2019
hd128998_stis_002.fits,hd128998,_stis_002,21-Mar-2020
hd128998_stis_003.fits,hd128998,_stis_003,16-Feb-2023
hd142331_mod_001.fits,hd142331,_mod_001,30-Aug-2019
hd142331_mod_002.fits,hd142331,_mod_002,23-Mar-2020
hd142331_mod_003.fits,hd142331,_mod_003,24-Oct-2022
hd142331_mod_004.fits,hd142331,_mod_004,16-Feb-2023
hd142331_mod_005.fits,hd142331,_mod_005,21-Sep-2023
hd142331_stis_001.fits,hd142331,_stis_001,30-Aug-2019
hd142331_stis_002.fits,hd142331,_stis_002,21-Mar-2020
hd142331_stis_003.fits,hd142331,_stis_003,25-Oct-2022
hd142331_stis_004.fits,hd142331,_stis_004,16-Feb-2023
hd142331_stis_005.fits,hd142331,_stis_005,20-Sep-2023
hd14943_mod_001.fits,hd14943,_mod_001,13-Feb-2017
hd14943_mod_002.fits,hd14943,_mod_002,3-Aug-2017
hd14943_mod_003.fits,hd14943,_mod_003,23-Mar-2020
hd14943_stis_001.fits,hd14943,_stis_001,2013-11-18T19:20:56
hd14943_stis_002.fits,hd14943,_stis_002,2015-01-06T17:00:20
hd14943_stis_003.fits,hd14943,_stis_003,2015-01-05T21:02:38
hd14943_stis_004.fits,hd14943,_stis_004,13-Feb-2017
hd14943_stis_005.fits,hd14943,_stis_005,21-Mar-2020
hd158485_mod_001.fits,hd158485,_mod_001,13-Feb-2017
hd158485_mod_002.fits,hd158485,_mod_002,3-Aug-2017
hd158485_mod_003.fits,hd158485,_mod_003,23-Mar-2020
hd158485_stis_001.fits,hd158485,_stis_001,2013-11-18T19:20:56
hd158485_stis_002.fits,hd158485,_stis_002,2015-01-06T17:00:20
hd158485_stis_003.fits,hd158485,_stis_003,2015-01-05T21:02:38
hd158485_stis_004.fits,hd158485,_stis_004,13-Feb-2017
hd158485_stis_005.fits,hd158485,_stis_005,21-Mar-2020
hd159222_mod_001.fits,hd159222,_mod_001,13-Feb-2017
hd159222_mod_002.fits,hd159222,_mod_002,3-Aug-2017
hd159222_mod_003.fits,hd159222,_mod_003,23-Mar-2020
hd159222_mod_004.fits,hd159222,_mod_004,24-Oct-2022
hd159222_mod_005.fits,hd159222,_mod_005,16-Feb-2023
hd159222_mod_006.fits,hd159222,_mod_006,21-Sep-2023
hd159222_stis_001.fits,hd159222,_stis_001,2013-11-18T19:20:56
hd159222_stis_002.fits,hd159222,_stis_002,2015-01-06T17:00:20
hd159222_stis_003.fits,hd159222,_stis_003,2015-01-05T21:02:38
hd159222_stis_004.fits,hd159222,_stis_004,13-Feb-2017
hd159222_stis_005.fits,hd159222,_stis_005,21-Mar-2020
hd159222_stis_006.fits,hd159222,_stis_006,25-Oct-2022
hd159222_stis_007.fits,hd159222,_stis_007,16-Feb-2023
hd159222_stis_008.fits,hd159222,_stis_008,20-Sep-2023
hd160617_mod_001.fits,hd160617,_mod_001,30-Aug-2019
hd160617_mod_002.fits,hd160617,_mod_002,23-Mar-2020
hd160617_stis_001.fits,hd160617,_stis_001,2013-11-18T19:20:56
hd160617_stis_002.fits,hd160617,_stis_002,2015-01-06T17:00:20
hd160617_stis_003.fits,hd160617,_stis_003,2015-01-05T21:02:38
hd160617_stis_004.fits,hd160617,_stis_004,30-Aug-2019
hd160617_stis_005.fits,hd160617,_stis_005,21-Mar-2020
hd163466_mod_001.fits,hd163466,_mod_001,13-Feb-2017
hd163466_mod_002.fits,hd163466,_mod_002,3-Aug-2017
hd163466_mod_003.fits,hd163466,_mod_003,23-Mar-2020
hd163466_stis_001.fits,hd163466,_stis_001,2013-11-18T19:20:56
hd163466_stis_002.fits,hd163466,_stis_002,2015-01-06T17:00:20
hd163466_stis_003.fits,hd163466,_stis_003,2015-01-05T21:02:38
hd163466_stis_004.fits,hd163466,_stis_004,13-Feb-2017
hd163466_stis_005.fits,hd163466,_stis_005,21-Mar-2020
hd165459_mod_001.fits,hd165459,_mod_001,13-Feb-2017
hd165459_mod_002.fits,hd165459,_mod_002,3-Aug-2017
hd165459_mod_003.fits,hd165459,_mod_003,23-Mar-2020
hd165459_mod_004.fits,hd165459,_mod_004,16-Feb-2023
hd165459_nic_002.fits,hd165459,_nic_002,2015-01-06T17:00:20
hd165459_stisnic_001.fits,hd165459,_stisnic_001,2013-11-18T19:20:56
hd165459_stisnic_002.fits,hd165459,_stisnic_002,2015-01-06T17:00:20
hd165459_stisnic_003.fits,hd165459,_stisnic_003,2015-01-05T21:02:38
hd165459_stisnic_004.fits,hd165459,_stisnic_004,13-Feb-2017
hd165459_stisnic_005.fits,hd165459,_stisnic_005,21-Mar-2020
hd165459_stisnic_006.fits,hd165459,_stisnic_006,16-Feb-2023
hd167060_mod_001.fits,hd167060,_mod_001,30-Aug-2019
hd167060_mod_002.fits,hd167060,_mod_002,23-Mar-2020
hd167060_mod_003.fits,hd167060,_mod_003,24-Oct-2022
hd167060_mod_004.fits,hd167060,_mod_004,16-Feb-2023
hd167060_mod_005.fits,hd167060,_mod_005,21-Sep-2023
hd167060_stis_001.fits,hd167060,_stis_001,30-Aug-2019
hd167060_stis_002.fits,hd167060,_stis_002,21-Mar-2020
hd167060_stis_003.fits,hd167060,_stis_003,25-Oct-2022
hd167060_stis_004.fits,hd167060,_stis_004,16-Feb-2023
hd167060_stis_005.fits,hd167060,_stis_005,20-Sep-2023
hd172728_mod_001.fits,hd172728,_mod_001,24-Oct-2022
hd172728_mod_002.fits,hd172728,_mod_002,16-Feb-2023
hd172728_stis_001.fits,hd172728,_stis_001,25-Oct-2022
hd172728_stis_002.fits,hd172728,_stis_002,16-Feb-2023
hd180609_mod_001.fits,hd180609,_mod_001,13-Feb-2017
hd180609_mod_002.fits,hd180609,_mod_002,3-Aug-2017
hd180609_mod_003.fits,hd180609,_mod_003,23-Mar-2020
hd180609_mod_004.fits,hd180609,_mod_004,16-Feb-2023
hd180609_stis_001.fits,hd180609,_stis_001,2013-11-18T19:20:56
hd180609_stis_002.fits,hd180609,_stis_002,2015-01-06T17:00:20
hd180609_stis_003.fits,hd180609,_stis_003,2015-01-05T21:02:38
hd180609_stis_004.fits,hd180609,_stis_004,13-Feb-2017
hd180609_stis_005.fits,hd180609,_stis_005,21-Mar-2020
hd180609_stis_006.fits,hd180609,_stis_006,16-Feb-2023
hd185975_mod_001.fits,hd185975,_mod_001,30-Aug-2019
hd185975_mod_002.fits,hd185975,_mod_002,23-Mar-2020
hd185975_mod_003.fits,hd185975,_mod_003,24-Oct-2022
hd185975_mod_004.fits,hd185975,_mod_004,16-Feb-2023
hd185975_stis_001.fits,hd185975,_stis_001,2013-11-18T19:20:56
hd185975_stis_002.fits,hd185975,_stis_002,2015-01-06T17:00:20
hd185975_stis_003.fits,hd185975,_stis_003,2015-01-05T21:02:38
hd185975_stis_004.fits,hd185975,_stis_004,30-Aug-2019
hd185975_stis_005.fits,hd185975,_stis_005,21-Mar-2020
hd185975_stis_006.fits,hd185975,_stis_006,25-Oct-2022
hd185975_stis_007.fits,hd185975,_stis_007,16-Feb-2023
hd200654_mod_001.fits,hd200654,_mod_001,30-Aug-2019
hd200654_mod_002.fits,hd200654,_mod_002,23-Mar-2020
hd200654_mod_003.fits,hd200654,_mod_003,24-Oct-2022
hd200654_mod_004.fits,hd200654,_mod_004,16-Feb-2023
hd200654_stis_001.fits,hd200654,_stis_001,2013-11-18T19:20:56
hd200654_stis_002.fits,hd200654,_stis_002,2015-01-06T17:00:20
hd200654_stis_003.fits,hd200654,_stis_003,2015-01-05T21:02:38
hd200654_stis_004.fits,hd200654,_stis_004,30-Aug-2019
hd200654_stis_005.fits,hd200654,_stis_005,21-Mar-2020
hd200654_stis_006.fits,hd200654,_stis_006,25-Oct-2022
hd200654_stis_007.fits,hd200654,_stis_007,16-Feb-2023
hd200775_stis_001.fits,hd200775,_stis_001,25-Oct-2022
hd205905_mod_001.fits,hd205905,_mod_001,13-Feb-2017
hd205905_mod_002.fits,hd205905,_mod_002,3-Aug-2017
hd205905_mod_003.fits,hd205905,_mod_003,23-Mar-2020
hd205905_mod_004.fits,hd205905,_mod_004,24-Oct-2022
hd205905_mod_005.fits,hd205905,_mod_005,16-Feb-2023
hd205905_mod_006.fits,hd205905,_mod_006,4-Apr-2023
hd205905_mod_007.fits,hd205905,_mod_007,21-Sep-2023
hd205905_stis_001.fits,hd205905,_stis_001,2013-11-18T19:20:56
hd205905_stis_002.fits,hd205905,_stis_002,2015-01-06T17:00:21
hd205905_stis_003.fits,hd205905,_stis_003,2015-01-05T21:02:38
hd205905_stis_004.fits,hd205905,_stis_004,13-Feb-2017
hd205905_stis_005.fits,hd205905,_stis_005,21-Mar-2020
hd205905_stis_006.fits,hd205905,_stis_006,25-Oct-2022
hd205905_stis_007.fits,hd205905,_stis_007,16-Feb-2023
hd205905_stis_008.fits,hd205905,_stis_008,3-Apr-2023
hd205905_stis_009.fits,hd205905,_stis_009,20-Sep-2023
hd209458_mod_001.fits,hd209458,_mod_001,13-Feb-2017
hd209458_mod_002.fits,hd209458,_mod_002,3-Aug-2017
hd209458_mod_003.fits,hd209458,_mod_003,23-Mar-2020
hd209458_stisnic_002.fits,hd209458,_stisnic_002,2015-01-06T17:00:21
hd209458_stisnic_003.fits,hd209458,_stisnic_003,2010-02-10T23:23:21
hd209458_stisnic_004.fits,hd209458,_stisnic_004,2013-11-18T19:20:56
hd209458_stisnic_005.fits,hd209458,_stisnic_005,2015-01-06T17:00:21
hd209458_stisnic_006.fits,hd209458,_stisnic_006,2015-01-05T21:02:38
hd209458_stisnic_007.fits,hd209458,_stisnic_007,13-Feb-2017
hd209458_stisnic_008.fits,hd209458,_stisnic_008,21-Mar-2020
hd2811_mod_001.fits,hd2811,_mod_001,30-Aug-2019
hd2811_mod_002.fits,hd2811,_mod_002,23-Mar-2020
hd2811_mod_003.fits,hd2811,_mod_003,24-Oct-2022
hd2811_mod_004.fits,hd2811,_mod_004,16-Feb-2023
hd2811_stis_001.fits,hd2811,_stis_001,30-Aug-2019
hd2811_stis_002.fits,hd2811,_stis_002,21-Mar-2020
hd2811_stis_003.fits,hd2811,_stis_003,25-Oct-2022
hd2811_stis_004.fits,hd2811,_stis_004,16-Feb-2023
hd37725_mod_001.fits,hd37725,_mod_001,13-Feb-2017
hd37725_mod_002.fits,hd37725,_mod_002,3-Aug-2017
hd37725_mod_003.fits,hd37725,_mod_003,17-Jan-2019
hd37725_mod_004.fits,hd37725,_mod_004,23-Mar-2020
hd37725_mod_005.fits,hd37725,_mod_005,16-Feb-2023
hd37725_stis_001.fits,hd37725,_stis_001,2013-11-18T19:20:56
hd37725_stis_002.fits,hd37725,_stis_002,2015-01-06T17:00:21
hd37725_stis_003.fits,hd37725,_stis_003,2015-01-05T21:02:38
hd37725_stis_004.fits,hd37725,_stis_004,13-Feb-2017
hd37725_stiswfc_001.fits,hd37725,_stiswfc_001,17-Jan-2019
hd37725_stiswfc_002.fits,hd37725,_stiswfc_002,21-Mar-2020
hd37725_stiswfc_003.fits,hd37725,_stiswfc_003,2-Mar-2021
hd37725_stiswfc_004.fits,hd37725,_stiswfc_004,16-Feb-2023
hd37962_mod_001.fits,hd37962,_mod_001,13-Feb-2017
hd37962_mod_002.fits,hd37962,_mod_002,3-Aug-2017
hd37962_mod_003.fits,hd37962,_mod_003,23-Mar-2020
hd37962_mod_004.fits,hd37962,_mod_004,8-Apr-2022
hd37962_mod_005.fits,hd37962,_mod_005,24-Oct-2022
hd37962_mod_006.fits,hd37962,_mod_006,16-Feb-2023
hd37962_mod_007.fits,hd37962,_mod_007,4-Apr-2023
hd37962_mod_008.fits,hd37962,_mod_008,21-Sep-2023
hd37962_stis_001.fits,hd37962,_stis_001,2013-11-18T19:20:56
hd37962_stis_002.fits,hd37962,_stis_002,2015-01-06T17:00:21
hd37962_stis_003.fits,hd37962,_stis_003,2015-01-05T21:02:39
hd37962_stis_004.fits,hd37962,_stis_004,13-Feb-2017
hd37962_stis_005.fits,hd37962,_stis_005,21-Mar-2020
hd37962_stis_006.fits,hd37962,_stis_006,30-Jan-2022
hd37962_stis_007.fits,hd37962,_stis_007,25-Oct-2022
hd37962_stis_008.fits,hd37962,_stis_008,16-Feb-2023
hd37962_stis_009.fits,hd37962,_stis_009,3-Apr-2023
hd37962_stis_010.fits,hd37962,_stis_010,20-Sep-2023
hd38949_mod_001.fits,hd38949,_mod_001,13-Feb-2017
hd38949_mod_002.fits,hd38949,_mod_002,3-Aug-2017
hd38949_mod_003.fits,hd38949,_mod_003,23-Mar-2020
hd38949_mod_004.fits,hd38949,_mod_004,24-Oct-2022
hd38949_mod_005.fits,hd38949,_mod_005,16-Feb-2023
hd38949_stis_001.fits,hd38949,_stis_001,2013-11-18T19:20:56
hd38949_stis_002.fits,hd38949,_stis_002,2015-01-06T17:00:21
hd38949_stis_003.fits,hd38949,_stis_003,2015-01-05T21:02:39
hd38949_stis_004.fits,hd38949,_stis_004,13-Feb-2017
hd38949_stis_005.fits,hd38949,_stis_005,21-Mar-2020
hd38949_stis_006.fits,hd38949,_stis_006,25-Oct-2022
hd38949_stis_007.fits,hd38949,_stis_007,16-Feb-2023
hd55677_mod_001.fits,hd55677,_mod_001,30-Aug-2019
hd55677_mod_002.fits,hd55677,_mod_002,23-Mar-2020
hd55677_mod_003.fits,hd55677,_mod_003,24-Oct-2022
hd55677_mod_004.fits,hd55677,_mod_004,16-Feb-2023
hd55677_stis_001.fits,hd55677,_stis_001,30-Aug-2019
hd55677_stis_002.fits,hd55677,_stis_002,21-Mar-2020
hd55677_stis_003.fits,hd55677,_stis_003,25-Oct-2022
hd55677_stis_004.fits,hd55677,_stis_004,16-Feb-2023
hd60753_stis_001.fits,hd60753,_stis_001,2013-11-18T19:20:56
hd60753_stis_002.fits,hd60753,_stis_002,2015-01-06T17:00:21
hd60753_stis_003.fits,hd60753,_stis_003,2015-01-05T21:02:39
hd60753_stis_004.fits,hd60753,_stis_004,21-Mar-2020
hd93521_005.fits,hd93521,_005,2015-01-06T17:00:21
hd93521_mod_001.fits,hd93521,_mod_001,30-Aug-2019
hd93521_mod_002.fits,hd93521,_mod_002,23-Mar-2020
hd93521_mod_003.fits,hd93521,_mod_003,16-Feb-2023
hd93521_stis_001.fits,hd93521,_stis_001,2015-01-06T17:00:21
hd93521_stis_002.fits,hd93521,_stis_002,2013-11-18T19:20:56
hd93521_stis_003.fits,hd93521,_stis_003,2015-01-06T17:00:21
hd93521_stis_004.fits,hd93521,_stis_004,2015-01-05T21:02:39
hd93521_stis_005.fits,hd93521,_stis_005,30-Aug-2019
hd93521_stis_006.fits,hd93521,_stis_006,21-Mar-2020
hd93521_stis_007.fits,hd93521,_stis_007,16-Feb-2023
hs2027_stis_001.fits,hs2027,_stis_001,2015-01-06T17:00:21
hs2027_stis_002.fits,hs2027,_stis_002,2013-11-18T19:20:56
hs2027_stis_003.fits,hs2027,_stis_003,2015-01-06T17:00:21
hs2027_stis_004.fits,hs2027,_stis_004,2015-01-05T21:02:39
hs2027_stis_005.fits,hs2027,_stis_005,21-Mar-2020
hs2027_stis_006.fits,hs2027,_stis_006,25-Oct-2022
hz21_005.fits,hz21,_005,2015-01-06T17:00:21
hz21_stis_001.fits,hz21,_stis_001,2015-01-06T17:00:21
hz21_stis_002.fits,hz21,_stis_002,2013-11-18T19:20:56
hz21_stis_003.fits,hz21,_stis_003,2015-01-06T17:00:21
hz21_stis_004.fits,hz21,_stis_004,2015-01-05T21:02:39
hz21_stis_005.fits,hz21,_stis_005,30-Aug-2019
hz21_stis_006.fits,hz21,_stis_006,21-Mar-2020
hz21_stis_007.fits,hz21,_stis_007,25-Oct-2022
hz2_005.fits,hz2,_005,2015-01-06T17:00:21
hz43_fos_003.fits,hz43_fos,_003,2015-01-06T17:00:21
hz43_mod_004.fits,hz43_mod,_004,2015-01-06T17:00:21
hz43_mod_005.fits,hz43_mod,_005,2015-01-06T17:00:21
hz43_mod_008.fits,hz43_mod,_008,2013-11-18T19:20:56
hz43_mod_009.fits,hz43_mod,_009,2015-01-06T17:00:21
hz43_mod_010.fits,hz43_mod,_010,2015-01-06T17:00:21
hz43_stis_001.fits,hz43,_stis_001,2015-01-06T17:00:21
hz43_stis_002.fits,hz43,_stis_002,2013-11-18T19:20:56
hz43_stis_003.fits,hz43,_stis_003,2015-01-06T17:00:21
hz43_stis_004.fits,hz43,_stis_004,2015-01-05T21:02:39
hz43_stis_005.fits,hz43,_stis_005,21-Mar-2020
hz43b_stis_001.fits,hz43b,_stis_001,2015-01-06T17:00:21
hz43b_stis_002.fits,hz43b,_stis_002,2013-11-18T19:20:56
hz43b_stis_003.fits,hz43b,_stis_003,2015-01-06T17:00:21
hz43b_stis_004.fits,hz43b,_stis_004,2015-01-05T21:02:39
hz43b_stis_005.fits,hz43b,_stis_005,21-Mar-2020
hz44_005.fits,hz44,_005,2015-01-06T17:00:21
hz44_fos_003.fits,hz44_fos,_003,2015-01-06T17:00:21
hz44_stis_001.fits,hz44,_stis_001,2015-01-06T17:00:21
hz44_stis_002.fits,hz44,_stis_002,2013-11-18T19:20:56
hz44_stis_003.fits,hz44,_stis_003,2015-01-06T17:00:21
hz44_stis_004.fits,hz44,_stis_004,2015-01-05T21:02:39
hz44_stis_005.fits,hz44,_stis_005,30-Aug-2019
hz44_stis_006.fits,hz44,_stis_006,21-Mar-2020
hz4_004.fits,hz4,_004,2015-01-06T17:00:21
hz4_stis_001.fits,hz4,_stis_001,2015-01-06T17:00:21
hz4_stis_002.fits,hz4,_stis_002,2015-01-06T17:00:21
hz4_stis_003.fits,hz4,_stis_003,2013-11-18T19:20:56
hz4_stis_004.fits,hz4,_stis_004,2015-01-06T17:00:21
hz4_stis_005.fits,hz4,_stis_005,2015-01-05T21:02:39
hz4_stis_006.fits,hz4,_stis_006,30-Aug-2019
hz4_stis_007.fits,hz4,_stis_007,21-Mar-2020
hz4_stis_008.fits,hz4,_stis_008,25-Oct-2022
kf01t5_nic_001.fits,kf01t5,_nic_001,2015-01-06T17:00:21
kf01t5_nic_002.fits,kf01t5,_nic_002,2013-11-18T19:20:56
kf01t5_nic_003.fits,kf01t5,_nic_003,2015-01-06T17:00:21
kf01t5_nic_004.fits,kf01t5,_nic_004,21-Mar-2020
kf06t1_nic_001.fits,kf06t1,_nic_001,2015-01-06T17:00:21
kf06t1_nic_002.fits,kf06t1,_nic_002,2013-11-18T19:20:56
kf06t1_nic_003.fits,kf06t1,_nic_003,2015-01-06T17:00:21
kf06t1_nic_004.fits,kf06t1,_nic_004,21-Mar-2020
kf06t2_mod_001.fits,kf06t2,_mod_001,13-Feb-2017
kf06t2_mod_002.fits,kf06t2,_mod_002,3-Aug-2017
kf06t2_mod_003.fits,kf06t2,_mod_003,17-Jan-2019
kf06t2_mod_004.fits,kf06t2,_mod_004,23-Mar-2020
kf06t2_mod_005.fits,kf06t2,_mod_005,24-Oct-2022
kf06t2_mod_006.fits,kf06t2,_mod_006,16-Feb-2023
kf06t2_nic_001.fits,kf06t2,_nic_001,2015-01-06T17:00:21
kf06t2_stisnic_001.fits,kf06t2,_stisnic_001,2013-11-18T19:20:56
kf06t2_stisnic_002.fits,kf06t2,_stisnic_002,2015-01-06T17:00:21
kf06t2_stisnic_003.fits,kf06t2,_stisnic_003,2015-01-05T21:02:39
kf06t2_stisnic_004.fits,kf06t2,_stisnic_004,13-Feb-2017
kf06t2_stiswfcnic_001.fits,kf06t2,_stiswfcnic_001,17-Jan-2019
kf06t2_stiswfcnic_002.fits,kf06t2,_stiswfcnic_002,21-Mar-2020
kf06t2_stiswfcnic_003.fits,kf06t2,_stiswfcnic_003,2-Mar-2021
kf06t2_stiswfcnic_004.fits,kf06t2,_stiswfcnic_004,25-Oct-2022
kf06t2_stiswfcnic_005.fits,kf06t2,_stiswfcnic_005,16-Feb-2023
kf08t3_mod_002.fits,kf08t3,_mod_002,3-Aug-2017
kf08t3_mod_003.fits,kf08t3,_mod_003,23-Mar-2020
kf08t3_mod_004.fits,kf08t3,_mod_004,24-Oct-2022
kf08t3_mod_005.fits,kf08t3,_mod_005,16-Feb-2023
kf08t3_nic_001.fits,kf08t3,_nic_001,2015-01-06T17:00:21
kf08t3_nic_002.fits,kf08t3,_nic_002,2013-11-18T19:20:56
kf08t3_nic_003.fits,kf08t3,_nic_003,2015-01-06T17:00:21
kf08t3_stisnic_001.fits,kf08t3,_stisnic_001,3-Aug-2017
kf08t3_stisnic_002.fits,kf08t3,_stisnic_002,21-Mar-2020
kf08t3_stisnic_003.fits,kf08t3,_stisnic_003,25-Oct-2022
kf08t3_stisnic_004.fits,kf08t3,_stisnic_004,16-Feb-2023
ksi2ceti_mod_001.fits,ksi2ceti,_mod_001,13-Feb-2017
ksi2ceti_mod_002.fits,ksi2ceti,_mod_002,3-Aug-2017
ksi2ceti_mod_003.fits,ksi2ceti,_mod_003,23-Mar-2020
ksi2ceti_mod_004.fits,ksi2ceti,_mod_004,16-Feb-2023
ksi2ceti_stis_001.fits,ksi2ceti,_stis_001,2013-11-18T19:20:56
ksi2ceti_stis_002.fits,ksi2ceti,_stis_002,2015-01-06T17:00:21
ksi2ceti_stis_003.fits,ksi2ceti,_stis_003,2015-01-05T21:02:39
ksi2ceti_stis_004.fits,ksi2ceti,_stis_004,13-Feb-2017
ksi2ceti_stis_005.fits,ksi2ceti,_stis_005,21-Mar-2020
ksi2ceti_stis_006.fits,ksi2ceti,_stis_006,16-Feb-2023
lamlep_mod_001.fits,lamlep,_mod_001,13-Feb-2017
lamlep_mod_002.fits,lamlep,_mod_002,3-Aug-2017
lamlep_mod_003.fits,lamlep,_mod_003,23-Mar-2020
lamlep_mod_004.fits,lamlep,_mod_004,8-Apr-2022
lamlep_mod_005.fits,lamlep,_mod_005,16-Feb-2023
lamlep_stis_001.fits,lamlep,_stis_001,2013-11-18T19:20:56
lamlep_stis_002.fits,lamlep,_stis_002,2015-01-06T17:00:21
lamlep_stis_003.fits,lamlep,_stis_003,2015-01-05T21:02:39
lamlep_stis_004.fits,lamlep,_stis_004,13-Feb-2017
lamlep_stis_005.fits,lamlep,_stis_005,21-Mar-2020
lamlep_stis_006.fits,lamlep,_stis_006,30-Jan-2022
lamlep_stis_007.fits,lamlep,_stis_007,16-Feb-2023
lb227_004.fits,lb227,_004,2015-01-06T17:00:21
lds749b_005.fits,lds749b,_005,2015-01-06T17:00:21
lds749b_mod_001.fits,lds749b_mod,_001,2015-01-06T17:00:21
lds749b_mod_002.fits,lds749b_mod,_002,2010-02-10T23:28:15
lds749b_mod_003.fits,lds749b_mod,_003,2013-11-18T19:20:56
lds749b_mod_004.fits,lds749b_mod,_004,2015-01-06T17:00:21
lds749b_mod_005.fits,lds749b_mod,_005,2015-01-06T17:00:21
lds749b_mod_006.fits,lds749b_mod,_006,25-Mar-2020
lds749b_mod_007.fits,lds749b_mod,_007,24-Nov-2020
lds749b_stis_001.fits,lds749b,_stis_001,2015-01-06T17:00:21
lds749b_stisnic_001.fits,lds749b,_stisnic_001,2015-01-06T17:00:21
lds749b_stisnic_002.fits,lds749b,_stisnic_002,2015-01-06T17:00:21
lds749b_stisnic_003.fits,lds749b,_stisnic_003,2010-02-10T23:23:22
lds749b_stisnic_004.fits,lds749b,_stisnic_004,2013-11-18T19:20:56
lds749b_stisnic_005.fits,lds749b,_stisnic_005,2015-01-06T17:00:21
lds749b_stisnic_006.fits,lds749b,_stisnic_006,2015-01-05T21:02:39
lds749b_stisnic_007.fits,lds749b,_stisnic_007,21-Mar-2020
lds749b_stisnic_008.fits,lds749b,_stisnic_008,2-Mar-2021
ltt9491_002.fits,ltt9491,_002,2015-01-06T17:00:21
mucol_mod_001.fits,mucol,_mod_001,13-Feb-2017
mucol_mod_002.fits,mucol,_mod_002,3-Aug-2017
mucol_mod_003.fits,mucol,_mod_003,23-Mar-2020
mucol_mod_004.fits,mucol,_mod_004,8-Apr-2022
mucol_mod_005.fits,mucol,_mod_005,16-Feb-2023
mucol_stis_001.fits,mucol,_stis_001,2013-11-18T19:20:56
mucol_stis_002.fits,mucol,_stis_002,2015-01-06T17:00:21
mucol_stis_003.fits,mucol,_stis_003,2015-01-05T21:02:39
mucol_stis_004.fits,mucol,_stis_004,13-Feb-2017
mucol_stis_005.fits,mucol,_stis_005,21-Mar-2020
mucol_stis_006.fits,mucol,_stis_006,30-Jan-2022
mucol_stis_007.fits,mucol,_stis_007,16-Feb-2023
ngc2506g31_mod_001.fits,ngc2506g31,_mod_001,24-Oct-2022
ngc2506g31_mod_002.fits,ngc2506g31,_mod_002,16-Feb-2023
ngc2506g31_mod_003.fits,ngc2506g31,_mod_003,4-Apr-2023
ngc2506g31_stis_001.fits,ngc2506g31,_stis_001,25-Oct-2022
ngc2506g31_stis_002.fits,ngc2506g31,_stis_002,16-Feb-2023
ngc2506g31_stis_003.fits,ngc2506g31,_stis_003,3-Apr-2023
ngc6681_10_stis_001.fits,ngc6681-10,ngc6681_10_stis_001,10-Apr-2020
ngc6681_10_stis_002.fits,ngc6681-10,ngc6681_10_stis_002,25-Oct-2022
ngc6681_11_stis_001.fits,ngc6681-11,ngc6681_11_stis_001,10-Apr-2020
ngc6681_11_stis_002.fits,ngc6681-11,ngc6681_11_stis_002,25-Oct-2022
ngc6681_12_stis_001.fits,ngc6681-12,ngc6681_12_stis_001,10-Apr-2020
ngc6681_12_stis_002.fits,ngc6681-12,ngc6681_12_stis_002,25-Oct-2022
ngc6681_1_stis_001.fits,ngc6681-1,ngc6681_1_stis_001,10-Apr-2020
ngc6681_1_stis_002.fits,ngc6681-1,ngc6681_1_stis_002,25-Oct-2022
ngc6681_2_stis_001.fits,ngc6681-2,ngc6681_2_stis_001,10-Apr-2020
ngc6681_2_stis_002.fits,ngc6681-2,ngc6681_2_stis_002,25-Oct-2022
ngc6681_3_stis_001.fits,ngc6681-3,ngc6681_3_stis_001,10-Apr-2020
ngc6681_3_stis_002.fits,ngc6681-3,ngc6681_3_stis_002,25-Oct-2022
ngc6681_4_stis_001.fits,ngc6681-4,ngc6681_4_stis_001,10-Apr-2020
ngc6681_4_stis_002.fits,ngc6681-4,ngc6681_4_stis_002,25-Oct-2022
ngc6681_5_stis_001.fits,ngc6681-5,ngc6681_5_stis_001,10-Apr-2020
ngc6681_5_stis_002.fits,ngc6681-5,ngc6681_5_stis_002,25-Oct-2022
ngc6681_6_stis_001.fits,ngc6681-6,ngc6681_6_stis_001,10-Apr-2020
ngc6681_6_stis_002.fits,ngc6681-6,ngc6681_6_stis_002,25-Oct-2022
ngc6681_7_stis_001.fits,ngc6681-7,ngc6681_7_stis_001,10-Apr-2020
ngc6681_7_stis_002.fits,ngc6681-7,ngc6681_7_stis_002,25-Oct-2022
ngc6681_8_stis_001.fits,ngc6681-8,ngc6681_8_stis_001,10-Apr-2020
ngc6681_8_stis_002.fits,ngc6681-8,ngc6681_8_stis_002,25-Oct-2022
ngc6681_9_stis_001.fits,ngc6681-9,ngc6681_9_stis_001,10-Apr-2020
ngc6681_9_stis_002.fits,ngc6681-9,ngc6681_9_stis_002,25-Oct-2022
ngc7293_005.fits,ngc7293,_005,2015-01-06T17:00:21
p041c_001.fits,p041c,_001,2015-01-06T17:00:21
p041c_mod_001.fits,p041c,_mod_001,13-Feb-2017
p041c_mod_002.fits,p041c,_mod_002,3-Aug-2017
p041c_mod_003.fits,p041c,_mod_003,23-Mar-2020
p041c_mod_004.fits,p041c,_mod_004,16-Feb-2023
p041c_stis_001.fits,p041c,_stis_001,2015-01-06T17:00:21
p041c_stisnic_001.fits,p041c,_stisnic_001,2015-01-06T17:00:21
p041c_stisnic_002.fits,p041c,_stisnic_002,2015-01-06T17:00:21
p041c_stisnic_003.fits,p041c,_stisnic_003,2010-02-10T23:23:23
p041c_stisnic_004.fits,p041c,_stisnic_004,2013-11-18T19:20:56
p041c_stisnic_005.fits,p041c,_stisnic_005,2015-01-06T17:00:21
p041c_stisnic_006.fits,p041c,_stisnic_006,2015-01-05T21:02:39
p041c_stisnic_007.fits,p041c,_stisnic_007,13-Feb-2017
p041c_stisnic_008.fits,p041c,_stisnic_008,21-Mar-2020
p041c_stisnic_009.fits,p041c,_stisnic_009,16-Feb-2023
p177d_001.fits,p177d,_001,2015-01-06T17:00:21
p177d_mod_001.fits,p177d,_mod_001,13-Feb-2017
p177d_mod_002.fits,p177d,_mod_002,3-Aug-2017
p177d_mod_003.fits,p177d,_mod_003,23-Mar-2020
p177d_mod_004.fits,p177d,_mod_004,16-Feb-2023
p177d_mod_005.fits,p177d,_mod_005,4-Apr-2023
p177d_stis_001.fits,p177d,_stis_001,2015-01-06T17:00:21
p177d_stisnic_001.fits,p177d,_stisnic_001,2015-01-06T17:00:21
p177d_stisnic_002.fits,p177d,_stisnic_002,2015-01-06T17:00:21
p177d_stisnic_003.fits,p177d,_stisnic_003,2010-02-10T23:23:25
p177d_stisnic_004.fits,p177d,_stisnic_004,2013-11-18T19:20:56
p177d_stisnic_005.fits,p177d,_stisnic_005,2015-01-06T17:00:21
p177d_stisnic_006.fits,p177d,_stisnic_006,2015-01-05T21:02:39
p177d_stisnic_007.fits,p177d,_stisnic_007,13-Feb-2017
p177d_stisnic_008.fits,p177d,_stisnic_008,21-Mar-2020
p177d_stisnic_009.fits,p177d,_stisnic_009,16-Feb-2023
p177d_stisnic_010.fits,p177d,_stisnic_010,3-Apr-2023
p330e_001.fits,p330e,_001,2015-01-06T17:00:21
p330e_mod_001.fits,p330e,_mod_001,13-Feb-2017
p330e_mod_002.fits,p330e,_mod_002,3-Aug-2017
p330e_mod_003.fits,p330e,_mod_003,17-Jan-2019
p330e_mod_004.fits,p330e,_mod_004,23-Mar-2020
p330e_mod_005.fits,p330e,_mod_005,24-Oct-2022
p330e_mod_006.fits,p330e,_mod_006,16-Feb-2023
p330e_mod_007.fits,p330e,_mod_007,21-Sep-2023
p330e_stis_001.fits,p330e,_stis_001,2015-01-06T17:00:21
p330e_stisnic_001.fits,p330e,_stisnic_001,2015-01-06T17:00:21
p330e_stisnic_002.fits,p330e,_stisnic_002,2015-01-06T17:00:21
p330e_stisnic_003.fits,p330e,_stisnic_003,2010-02-10T23:23:26
p330e_stisnic_004.fits,p330e,_stisnic_004,2013-11-18T19:20:56
p330e_stisnic_005.fits,p330e,_stisnic_005,2015-01-06T17:00:21
p330e_stisnic_006.fits,p330e,_stisnic_006,2015-01-05T21:02:39
p330e_stisnic_007.fits,p330e,_stisnic_007,16-Apr-2015
p330e_stisnic_008.fits,p330e,_stisnic_008,13-Feb-2017
p330e_stiswfcnic_001.fits,p330e,_stiswfcnic_001,17-Jan-2019
p330e_stiswfcnic_002.fits,p330e,_stiswfcnic_002,21-Mar-2020
p330e_stiswfcnic_003.fits,p330e,_stiswfcnic_003,2-Mar-2021
p330e_stiswfcnic_004.fits,p330e,_stiswfcnic_004,25-Oct-2022
p330e_stiswfcnic_005.fits,p330e,_stiswfcnic_005,16-Feb-2023
p330e_stiswfcnic_006.fits,p330e,_stiswfcnic_006,20-Sep-2023
sdss132811_stis_001.fits,sdss132811,_stis_001,17-Jan-2019
sdss132811_stis_002.fits,sdss132811,_stis_002,30-Aug-2019
sdss132811_stis_003.fits,sdss132811,_stis_003,21-Mar-2020
sdss132811_stis_004.fits,sdss132811,_stis_004,25-Oct-2022
sdssj151421_mod_001.fits,sdssj151421,_mod_001,23-Mar-2020
sdssj151421_mod_002.fits,sdssj151421,_mod_002,8-Apr-2022
sdssj151421_mod_003.fits,sdssj151421,_mod_003,24-Oct-2022
sdssj151421_mod_004.fits,sdssj151421,_mod_004,16-Feb-2023
sdssj151421_stis_001.fits,sdssj151421,_stis_001,30-Aug-2019
sdssj151421_stis_002.fits,sdssj151421,_stis_002,21-Mar-2020
sdssj151421_stis_003.fits,sdssj151421,_stis_003,7-Apr-2022
sdssj151421_stis_004.fits,wdfs1514_00,sdssj151421_stis_004,25-Oct-2022
sdssj151421_stis_005.fits,wdfs1514_00,sdssj151421_stis_005,16-Feb-2023
sf1615001a_stisnic_001.fits,sf1615001a,_stisnic_001,2015-01-06T17:00:21
sf1615_001a_mod_001.fits,sf1615_001a,_mod_001,13-Feb-2017
sf1615_001a_mod_002.fits,sf1615_001a,_mod_002,3-Aug-2017
sf1615_001a_mod_003.fits,sf1615_001a,_mod_003,23-Mar-2020
sf1615_001a_mod_004.fits,sf1615_001a,_mod_004,24-Oct-2022
sf1615_001a_mod_005.fits,sf1615_001a,_mod_005,16-Feb-2023
sf1615_001a_stisnic_002.fits,sf1615+001a,sf1615_001a_stisnic_002,2015-01-06T17:00:21
sf1615_001a_stisnic_003.fits,sf1615+001a,sf1615_001a_stisnic_003,2010-02-10T23:23:28
sf1615_001a_stisnic_004.fits,sf1615+001a,sf1615_001a_stisnic_004,2013-11-18T19:20:56
sf1615_001a_stisnic_005.fits,sf1615+001a,sf1615_001a_stisnic_005,2015-01-06T17:00:21
sf1615_001a_stisnic_006.fits,sf1615+001a,sf1615_001a_stisnic_006,2015-01-05T21:02:40
sf1615_001a_stisnic_007.fits,sf1615+001a,sf1615_001a_stisnic_007,13-Feb-2017
sf1615_001a_stisnic_008.fits,sf1615+001a,sf1615_001a_stisnic_008,22-Mar-2020
sf1615_001a_stisnic_009.fits,sf1615+001a,sf1615_001a_stisnic_009,25-Oct-2022
sf1615_001a_stisnic_010.fits,sf1615+001a,sf1615_001a_stisnic_010,16-Feb-2023
sigori_stis_001.fits,sigori,_stis_001,25-Oct-2022
sirius_mod_001.fits,sirius_mod,_001,2015-01-06T17:00:21
sirius_mod_002.fits,sirius_mod,_002,2015-01-06T17:00:21
sirius_mod_003.fits,sirius_mod,_003,29-Aug-2019
sirius_mod_004.fits,sirius_mod,_004,24-Mar-2020
sirius_mod_005.fits,sirius_mod,_005,21-Oct-2022
sirius_stis_001.fits,sirius,_stis_001,2015-01-06T17:00:21
sirius_stis_002.fits,sirius,_stis_002,2015-01-05T21:02:40
sirius_stis_003.fits,sirius,_stis_003,30-Aug-2019
sirius_stis_004.fits,sirius,_stis_004,24-Mar-2020
sirius_stis_005.fits,sirius,_stis_005,25-Oct-2022
snap1_stisnic_001.fits,snap-1,snap1_stisnic_001,2015-01-06T17:00:21
snap1_stisnic_002.fits,snap-1,snap1_stisnic_002,2015-01-06T17:00:21
snap1_stisnic_003.fits,snap-1,snap1_stisnic_003,2010-02-10T23:23:29
snap1_stisnic_004.fits,snap-1,snap1_stisnic_004,2013-11-18T19:20:56
snap1_stisnic_005.fits,snap-1,snap1_stisnic_005,2015-01-06T17:00:21
snap1_stisnic_006.fits,snap-1,snap1_stisnic_006,2015-01-05T21:02:40
snap1_stisnic_007.fits,snap-1,snap1_stisnic_007,21-Mar-2020
snap1_stisnic_008.fits,snap-1,snap1_stisnic_008,25-Oct-2022
snap2_mod_001.fits,snap2,_mod_001,13-Feb-2017
snap2_mod_002.fits,snap2,_mod_002,3-Aug-2017
snap2_mod_003.fits,snap2,_mod_003,17-Jan-2019
snap2_mod_004.fits,snap2,_mod_004,23-Mar-2020
snap2_mod_005.fits,snap2,_mod_005,24-Oct-2022
snap2_mod_006.fits,snap2,_mod_006,4-Apr-2023
snap2_stisnic_001.fits,snap-2,snap2_stisnic_001,2015-01-06T17:00:21
snap2_stisnic_002.fits,snap-2,snap2_stisnic_002,2015-01-06T17:00:21
snap2_stisnic_003.fits,snap-2,snap2_stisnic_003,2010-02-10T23:23:31
snap2_stisnic_004.fits,snap-2,snap2_stisnic_004,2013-11-18T19:20:56
snap2_stisnic_005.fits,snap-2,snap2_stisnic_005,2015-01-06T17:00:21
snap2_stisnic_006.fits,snap-2,snap2_stisnic_006,2015-01-05T21:02:40
snap2_stisnic_007.fits,snap-2,snap2_stisnic_007,13-Feb-2017
snap2_stiswfcnic_001.fits,snap-2,snap2_stiswfcnic_001,17-Jan-2019
snap2_stiswfcnic_002.fits,snap-2,snap2_stiswfcnic_002,21-Mar-2020
snap2_stiswfcnic_003.fits,snap-2,snap2_stiswfcnic_003,2-Mar-2021
snap2_stiswfcnic_004.fits,snap-2,snap2_stiswfcnic_004,25-Oct-2022
snap2_stiswfcnic_005.fits,snap-2,snap2_stiswfcnic_005,3-Apr-2023
sun_mod_001.fits,sun_mod,_001,9-Nov-2017
sun_reference_001.fits,sun_reference,_001,2015-01-06T17:00:21
sun_reference_stis_001.fits,sun_reference,_stis_001,2015-01-06T17:00:21
sun_reference_stis_002.fits,sun_reference,_stis_002,2013-11-26T14:24:54
vb8_stisnic_001.fits,vb8,_stisnic_001,2015-01-06T17:00:21
vb8_stisnic_002.fits,vb8,_stisnic_002,2015-01-06T17:00:21
vb8_stisnic_003.fits,vb8,_stisnic_003,2010-02-10T23:23:32
vb8_stisnic_004.fits,vb8,_stisnic_004,2013-11-18T19:20:56
vb8_stisnic_005.fits,vb8,_stisnic_005,2015-01-06T17:00:21
vb8_stisnic_006.fits,vb8,_stisnic_006,2015-01-05T21:02:40
vb8_stiswfcnic_001.fits,vb8,_stiswfcnic_001,17-Jan-2019
vb8_stiswfcnic_002.fits,vb8,_stiswfcnic_002,21-Mar-2020
vb8_stiswfcnic_003.fits,vb8,_stiswfcnic_003,2-Mar-2021
vb8_stiswfcnic_004.fits,vb8,_stiswfcnic_004,25-Oct-2022
wd0148_467_stiswfc_001.fits,wd0148_467,_stiswfc_001,25-Oct-2022
wd0227_050_stiswfc_001.fits,wd0227_050,_stiswfc_001,25-Oct-2022
wd0227_050_stiswfc_002.fits,wd0227_050,_stiswfc_002,16-Feb-2023
wd0308_565_mod_001.fits,wd0308_565_mod,_001,2013-11-18T19:20:56
wd0308_565_mod_002.fits,wd0308_565_mod,_002,2015-01-06T17:00:21
wd0308_565_mod_003.fits,wd0308_565_mod,_003,2015-01-06T17:00:21
wd0308_565_mod_004.fits,wd0308_565_mod,_004,24-Mar-2020
wd0308_565_mod_005.fits,wd0308_565_mod,_005,31-Mar-2020
wd0308_565_mod_006.fits,wd0308_565_mod,_006,24-Nov-2020
wd0308_565_mod_007.fits,wd0308_565_mod,_007,21-Oct-2022
wd0308_565_stis_001.fits,wd0308-565,wd0308_565_stis_001,2011-12-20T15:33:45
wd0308_565_stis_002.fits,wd0308-565,wd0308_565_stis_002,2013-11-18T19:20:56
wd0308_565_stis_003.fits,wd0308-565,wd0308_565_stis_003,2015-01-06T17:00:21
wd0308_565_stis_004.fits,wd0308-565,wd0308_565_stis_004,2015-01-05T21:02:40
wd0308_565_stis_005.fits,wd-0308-565,wd0308_565_stis_005,21-Mar-2020
wd0308_565_stis_006.fits,wd-0308-565,wd0308_565_stis_006,10-Apr-2020
wd0308_565_stis_007.fits,wd-0308-565,wd0308_565_stis_007,2-Mar-2021
wd0308_565_stis_008.fits,wd0308-565,wd0308_565_stis_008,11-Apr-2022
wd0308_565_stis_009.fits,wd0308-565,wd0308_565_stis_009,25-Oct-2022
wd0320_539_mod_001.fits,wd0320_539,_mod_001,23-Mar-2020
wd0320_539_stis_001.fits,wd0320-539,wd0320_539_stis_001,2015-01-06T17:00:21
wd0320_539_stis_002.fits,wd0320-539,wd0320_539_stis_002,2013-11-18T19:20:56
wd0320_539_stis_003.fits,wd0320-539,wd0320_539_stis_003,2015-01-06T17:00:21
wd0320_539_stis_004.fits,wd0320-539,wd0320_539_stis_004,2015-01-05T21:02:40
wd0320_539_stis_005.fits,wd0320_539,_stis_005,21-Mar-2020
wd0809_177_stiswfc_001.fits,wd0809_177,_stiswfc_001,25-Oct-2022
wd0809_177_stiswfc_002.fits,wd0809_177,_stiswfc_002,16-Feb-2023
wd0947_857_mod_001.fits,wd0947_857,_mod_001,23-Mar-2020
wd0947_857_mod_002.fits,wd0947_857,_mod_002,24-Oct-2022
wd0947_857_mod_003.fits,wd0947_857,_mod_003,16-Feb-2023
wd0947_857_stis_001.fits,wd0947_857,_stis_001,2015-01-06T17:00:21
wd0947_857_stis_002.fits,wd0947_857,_stis_002,2013-11-18T19:20:56
wd0947_857_stis_003.fits,wd0947_857,_stis_003,2015-01-06T17:00:21
wd0947_857_stis_004.fits,wd0947_857,_stis_004,2015-01-05T21:02:40
wd0947_857_stis_005.fits,wd0947_857,_stis_005,21-Mar-2020
wd0947_857_stis_006.fits,wd0947_857,_stis_006,25-Oct-2022
wd0947_857_stis_007.fits,wd0947_857,_stis_007,16-Feb-2023
wd1026_453_mod_001.fits,wd1026_453,_mod_001,23-Mar-2020
wd1026_453_mod_002.fits,wd1026_453,_mod_002,24-Oct-2022
wd1026_453_mod_003.fits,wd1026_453,_mod_003,16-Feb-2023
wd1026_453_stis_001.fits,wd1026_453,_stis_001,2015-01-06T17:00:21
wd1026_453_stis_002.fits,wd1026_453,_stis_002,2013-11-18T19:20:56
wd1026_453_stis_003.fits,wd1026_453,_stis_003,2015-01-06T17:00:21
wd1026_453_stis_004.fits,wd1026_453,_stis_004,2015-01-05T21:02:40
wd1026_453_stis_005.fits,wd1026_453,_stis_005,21-Mar-2020
wd1026_453_stis_006.fits,wd1026_453,_stis_006,25-Oct-2022
wd1026_453_stis_007.fits,wd1026_453,_stis_007,16-Feb-2023
wd1057_719_mod_001.fits,wd1057_719_mod,_001,2015-01-06T17:00:21
wd1057_719_mod_002.fits,wd1057_719_mod,_002,2010-02-10T23:28:16
wd1057_719_mod_003.fits,wd1057_719_mod,_003,2013-11-18T19:20:56
wd1057_719_mod_004.fits,wd1057_719_mod,_004,2015-01-06T17:00:21
wd1057_719_mod_005.fits,wd1057_719_mod,_005,2015-01-06T17:00:21
wd1057_719_mod_006.fits,wd1057_719,_mod_006,31-Mar-2020
wd1057_719_mod_007.fits,wd1057_719,_mod_007,8-Apr-2022
wd1057_719_mod_008.fits,wd1057_719,_mod_008,24-Oct-2022
wd1057_719_mod_009.fits,wd1057_719,_mod_009,16-Feb-2023
wd1057_719_stisnic_001.fits,wd1057_719,_stisnic_001,2015-01-06T17:00:21
wd1057_719_stisnic_002.fits,wd1057+719,wd1057_719_stisnic_002,2015-01-06T17:00:21
wd1057_719_stisnic_003.fits,wd1057+719,wd1057_719_stisnic_003,2010-02-10T23:23:34
wd1057_719_stisnic_004.fits,wd1057+719,wd1057_719_stisnic_004,2013-11-18T19:20:56
wd1057_719_stisnic_005.fits,wd1057+719,wd1057_719_stisnic_005,2015-01-06T17:00:21
wd1057_719_stisnic_006.fits,wd1057+719,wd1057_719_stisnic_006,2015-01-05T21:02:40
wd1057_719_stisnic_007.fits,wd1057+719,wd1057_719_stisnic_007,21-Mar-2020
wd1057_719_stisnic_008.fits,wd1057+719,wd1057_719_stisnic_008,10-Apr-2020
wd1057_719_stisnic_009.fits,wd1057+719,wd1057_719_stisnic_009,7-Apr-2022
wd1057_719_stisnic_010.fits,wd1057+719,wd1057_719_stisnic_010,25-Oct-2022
wd1057_719_stisnic_011.fits,wd1057+719,wd1057_719_stisnic_011,16-Feb-2023
wd1105_048_stiswfc_001.fits,wd1105_048,_stiswfc_001,25-Oct-2022
wd1105_048_stiswfc_002.fits,wd1105_048,_stiswfc_002,16-Feb-2023
wd1105_340_stiswfc_001.fits,wd1105_340,_stiswfc_001,25-Oct-2022
wd1105_340_stiswfc_002.fits,wd1105_340,_stiswfc_002,16-Feb-2023
wd1202_232_stiswfc_001.fits,wd1202_232,_stiswfc_001,25-Oct-2022
wd1202_232_stiswfc_002.fits,wd1202_232,_stiswfc_002,16-Feb-2023
wd1327_083_stiswfc_001.fits,wd1327_083,_stiswfc_001,17-Jan-2019
wd1327_083_stiswfc_002.fits,wd1327_083,_stiswfc_002,30-Aug-2019
wd1327_083_stiswfc_003.fits,wd1327_083,_stiswfc_003,21-Mar-2020
wd1327_083_stiswfc_004.fits,wd1327_083,_stiswfc_004,2-Mar-2021
wd1544_377_stiswfc_001.fits,wd1544_377,_stiswfc_001,25-Oct-2022
wd1544_377_stiswfc_002.fits,wd1544_377,_stiswfc_002,16-Feb-2023
wd1657_343_mod_001.fits,wd1657_343_mod,_001,2015-01-06T17:00:21
wd1657_343_mod_002.fits,wd1657_343_mod,_002,2010-02-10T23:28:17
wd1657_343_mod_003.fits,wd1657_343_mod,_003,2013-11-18T19:20:56
wd1657_343_mod_004.fits,wd1657_343_mod,_004,2015-01-06T17:00:21
wd1657_343_mod_005.fits,wd1657_343_mod,_005,2015-01-06T17:00:21
wd1657_343_mod_006.fits,wd1657_343,_mod_006,23-Mar-2020
wd1657_343_mod_007.fits,wd1657_343,_mod_007,31-Mar-2020
wd1657_343_mod_008.fits,wd1657_343,_mod_008,8-Apr-2022
wd1657_343_mod_009.fits,wd1657_343,_mod_009,24-Oct-2022
wd1657_343_stisnic_001.fits,wd1657_343,_stisnic_001,2015-01-06T17:00:21
wd1657_343_stisnic_002.fits,wd1657+343,wd1657_343_stisnic_002,2015-01-06T17:00:21
wd1657_343_stisnic_003.fits,wd1657+343,wd1657_343_stisnic_003,2010-02-10T23:23:35
wd1657_343_stisnic_004.fits,wd1657+343,wd1657_343_stisnic_004,2013-11-18T19:20:56
wd1657_343_stisnic_005.fits,wd1657+343,wd1657_343_stisnic_005,2015-01-06T17:00:22
wd1657_343_stisnic_006.fits,wd1657+343,wd1657_343_stisnic_006,2015-01-05T21:02:40
wd1657_343_stiswfcnic_001.fits,wd1657+343,wd1657_343_stiswfcnic_001,17-Jan-2019
wd1657_343_stiswfcnic_002.fits,wd1657+343,wd1657_343_stiswfcnic_002,21-Mar-2020
wd1657_343_stiswfcnic_003.fits,wd1657+343,wd1657_343_stiswfcnic_003,10-Apr-2020
wd1657_343_stiswfcnic_004.fits,wd1657+343,wd1657_343_stiswfcnic_004,2-Mar-2021
wd1657_343_stiswfcnic_005.fits,wd1657+343,wd1657_343_stiswfcnic_005,7-Apr-2022
wd1657_343_stiswfcnic_006.fits,wd1657+343,wd1657_343_stiswfcnic_006,25-Oct-2022
wd1713_695_stiswfc_001.fits,wd1713_695,_stiswfc_001,25-Oct-2022
wd1713_695_stiswfc_002.fits,wd1713_695,_stiswfc_002,16-Feb-2023
wd1911_536_stiswfc_001.fits,wd1911_536,_stiswfc_001,25-Oct-2022
wd1919_145_stiswfc_001.fits,wd1919_145,_stiswfc_001,25-Oct-2022
wd2039_682_stiswfc_001.fits,wd2039_682,_stiswfc_001,25-Oct-2022
wd2117_539_stiswfc_001.fits,wd2117_539,_stiswfc_001,25-Oct-2022
wd2117_539_stiswfc_002.fits,wd2117_539,_stiswfc_002,16-Feb-2023
wd2126_734_stiswfc_001.fits,wd2126_734,_stiswfc_001,25-Oct-2022
wd2126_734_stiswfc_002.fits,wd2126_734,_stiswfc_002,16-Feb-2023
wd2149_021_stiswfc_001.fits,wd2149_021,_stiswfc_001,25-Oct-2022
wd2341_322_stiswfc_001.fits,wd2341_322,_stiswfc_001,17-Jan-2019
wd2341_322_stiswfc_002.fits,wd2341_322,_stiswfc_002,30-Aug-2019
wd2341_322_stiswfc_003.fits,wd2341_322,_stiswfc_003,21-Mar-2020
wd2341_322_stiswfc_004.fits,wd2341_322,_stiswfc_004,2-Mar-2021
